Channel list,Link
Law&Crime Network,https://www.youtube.com/@LawAndCrime/featured
COPSCAM - Criminal Chase,https://www.youtube.com/@COPSCAM-CriminalChase
Police Insider,https://www.youtube.com/channel/UCGBZFFufYgUJ56MCvfyAXfA
Police Watch,https://www.youtube.com/channel/UCW8Oog9pSV5i4pC4aEB50dw
Arkansas Police Activity,https://www.youtube.com/@arkansaspoliceactivity/featured
Police Files,https://www.youtube.com/channel/UC-1hQ_xRBVjEx80vzZSYuDA
FIRST RESPONDERS,https://www.youtube.com/channel/UCC83luL_D7q2C9AGVtnCMPA
Lens Of Law - Police Bodycam Videos,https://www.youtube.com/channel/UCLqoviNGTq4Bn68CXohtz0w
Police Bodycam Arrests HQ,https://www.youtube.com/channel/UCj3iQ_hv5YC5psi9qRrpvQw
Seattle Police Department,https://www.youtube.com/channel/UCDtvIahG09kSqzWazIyl7FQ
DECAP COPS,https://www.youtube.com/channel/UC08025ctvyJFFnluyv7k1OQ
Total Police Transparency,https://www.youtube.com/channel/UCv2g0GYeC-cllzBR4f3XiMA
Audit The Police,https://www.youtube.com/channel/UC60RkrKcpjv3YGFa8m4UUiA
Law Enforcement Bodycam Videos,https://www.youtube.com/channel/UC7VIzqbDUpZFqq6e2e2xXUA
Police in Action,https://www.youtube.com/channel/UCOWQ0xU-Q2p2Y8NFmTBYBSA
Crime Force,https://www.youtube.com/channel/UCviFgPY8FkF1Ts7TwNb9PHQ
Police Incidents,https://www.youtube.com/@PoliceIncidents-vk3sq/videos
