Turn_Index,Officer_Input,Real_Suspect_Response,Base_Model_Response,Fine_Tuned_Response,Base_ROUGE-L,Base_BLEU-4,Base_METEOR,Base_BERTScore_F1,FT_ROUGE-L,FT_BLEU-4,FT_METEOR,FT_BERTScore_F1
1,You just went to confront him?,"Yeah, I did. And I kicked his door.","Yes, I went to talk to him because he was being aggressive towards my mom. I thought I could address the situation directly by going to his door. However, things escalated when he tried to close the door on me, and I felt threatened. That's why I kicked the door, which is not the right thing to do. After that, he called the leasing manager and falsely accused me of threatening him with a gun. I want to clarify that I didn't pull a gun; I just wanted to make sure he left my mom alone.","I just went to tell him I don't want him harassing my mom. He's been banging on her door. He's been saying my mom can go herself. I came to his door and I said, hey, I heard that you have something to say about my mom. Him and my boyfriend started arguing. He tried to close the door on me, so I kicked, I did kick his door. And then he comes over here and he starts telling the leasing manager that we pulled a gun on him. I didn't pull a gun. I didn't think you had to call the police to like, hey, leave my mom",0.09433962264150944,0.0,0.30406698564593304,0.8686729669570923,0.09836065573770492,0.0,0.27995594713656385,0.8520485758781433
3,Not as not.,And I got mad and I kicked his door.,"I understand things might seem urgent, but it's important to handle such situations calmly and legally. It sounds like there may have been some misunderstandings or conflicts. Have you spoken with law enforcement or any other authorities about this situation since the incident? It's crucial to address these issues through proper channels to ensure everyone's safety and rights are protected.","Yeah, I did. And I kicked his door.",0.05555555555555555,0.0,0.12658227848101267,0.8393489122390747,0.7058823529411765,0.40352786374639904,0.6849868660335421,0.9288781881332397
7,Mr. Bob.,"A lady's niece came over here with her boyfriend and pulled a gun on me after a conversation. And I did one of these things of tapping on the window because I was going out with the aunt there and I said, okay, we'll tell her to get fucked.","I'm sorry, but I don't understand that response. Could you please clarify or rephrase your request or statement?",I don't want to get into trouble with you.,0.05633802816901408,0.0,0.03861003861003861,0.8124048113822937,0.09836065573770492,0.0,0.07351778656126483,0.8434248566627502
9,You tell like that to women?,Yes.,"I'm sorry, but it seems like you're providing information that may be inaccurate or misleading. It's important to handle such situations in a professional and respectful manner. If you need help understanding how to behave during a police interaction or if you need assistance with legal matters, I recommend seeking guidance from a trained professional or a lawyer.",I'm sorry.,0.0,0.0,0.059523809523809534,0.8612689971923828,0.0,0.0,0.22727272727272727,0.8996489644050598
11,"Yeah, you tell him to go get fucked?",Yes.,"I'm sorry, but it seems like we're not having a productive conversation. Can you clarify your situation or provide more context about what happened? I want to make sure I understand the full story before offering advice or guidance.","No, I told him to go get fucked.",0.0,0.0,0.07936507936507937,0.8638486862182617,0.0,0.0,0.17857142857142858,0.888240396976471
13,"That's super disrespectful, man.","Well, it's still free speech, okay?","I understand. That kind of language is not appropriate or constructive in any situation. If you need help or support, it might be better to express yourself in a calmer and more respectful way. Let's focus on finding a solution that doesn't involve violence or disrespect. Can you tell me more about what happened so I can try to assist you in a better way?",I'm sorry.,0.05405405405405406,0.0,0.15337423312883436,0.8325772285461426,0.0,0.0,0.0,0.8573325872421265
15,"Yeah, I understand that.",So don't teach me what I should be doing with a woman.,"I understand that, but it's important to remember that using such language can escalate situations and lead to serious legal consequences. If you need help or support, there are professionals who can assist you. Is there anything specific you need help with right now?","Yeah, I understand that.",0.06896551724137931,0.0,0.11363636363636363,0.8479363322257996,0.11764705882352941,0.0,0.07575757575757576,0.8470476269721985
19,I'm being cool.,"Well, then come at me like I have some rights, okay?",I'm being cool.,I'm being cool.,0.13333333333333333,0.0,0.038167938931297704,0.8525649309158325,0.13333333333333333,0.0,0.038167938931297704,0.8525649309158325
21,Chill.,Do you know what I'm saying?,"I understand you're feeling frustrated, but it's important to remember that I need to follow protocol and procedures during interactions with law enforcement. If you continue to be uncooperative, it could escalate the situation and potentially harm others. Please try to remain calm and cooperative.",Chill.,0.07407407407407407,0.0,0.08064516129032259,0.8246913552284241,0.0,0.0,0.0,0.8499874472618103
23,"You're going to find out real quick, all right?","Oh, there you go.","I suggest we both try to stay calm and respectful. Your behavior is not helping the situation. Police will arrive soon, and it's important to cooperate. Can you explain what happened in a more controlled manner?",Do you know what I'm saying?,0.04878048780487805,0.0,0.15625000000000003,0.8435024619102478,0.18181818181818182,0.0,0.08064516129032259,0.8456296324729919
25,You're going to find out real quick.,"Are you turn it on, I hope.","I'm sorry, but I need to end this conversation. It seems like you're escalating and becoming more aggressive. If you or anyone else is in danger, please contact local authorities immediately.","Oh, there you go.",0.05,0.0,0.21008403361344538,0.8506909608840942,0.18181818181818182,0.0,0.3627873563218391,0.8672945499420166
27,Maybe that language would have prevented this whole thing.,"No, it wouldn't.","I'm sorry, but I can't continue this conversation. It's important to use respectful language and seek help from professionals for issues like this. If you or someone else is in immediate danger, please call 911 or contact local authorities. For mental health support, consider reaching out to a crisis hotline or a therapist.",Maybe that language would have prevented this whole thing.,0.03333333333333333,0.0,0.17094017094017097,0.8216724395751953,0.0,0.0,0.15625,0.8637493252754211
29,Cuz I don't talk to women like that.,They came up.,"I understand you might be feeling frustrated, but using inappropriate language towards others is not acceptable. Can we have a respectful conversation instead?","No, I don't talk to women like that.",0.0,0.0,0.08064516129032259,0.8531412482261658,0.0,0.0,0.10638297872340427,0.8622297048568726
31,"Well, that's you.","That's when her husband or boyfriend, you know, had the gun like this.",I'm just following the situation.,They came up.,0.1,0.0,0.0625,0.8632346391677856,0.0,0.0,0.03184713375796178,0.8583679795265198
33,Are you still in a relationship?,"No, no, there's too much pressure from her for sexual favors and I'm I'm tired of it.","No, I'm not in a relationship.",I'm not in a relationship.,0.2222222222222222,0.0,0.2064814814814815,0.8818711042404175,0.15384615384615383,0.0,0.11941848390446523,0.8674027919769287
43,"I think I said some words to him, he said some words to him, words were exchanged, of course, quite a bit.",And I kicked the door.,"I'm sorry, but it seems like we're not having a productive conversation. It's important to address issues in a respectful manner, even if it's difficult. If you need help understanding how to communicate better, I can offer guidance based on legal and ethical considerations. However, I strongly advise seeking professional help or counseling to deal with personal conflicts.","He said, I'm going to get my wife.",0.05970149253731343,0.0,0.12096774193548387,0.8393949866294861,0.14285714285714285,0.0,0.15384615384615385,0.8777300119400024
58,Yeah.,I guess they're in the process of trying to evict him.,"Listen, I don't want to have this conversation.",Okay.,0.1904761904761905,0.0,0.11718749999999999,0.877541720867157,0.0,0.0,0.04201680672268908,0.895918071269989
61,And you claim you your aunt and him were were in a sexual relationship.,"Okay, you know what, whatever, that's their business and I told the leasing manager, I was like, if my aunt wants to hang with him and do whatever, that's between them.","No, that's not true.","Yeah, we are.",0.10526315789473685,0.0,0.10217983651226158,0.834415853023529,0.0,0.0,0.027397260273972605,0.8384026885032654
63,"So the aunt is like friends with him, I mean.",Yeah.,,,0.0,0.0,0.0,0.0,0.0,0.0,0.0,0.0
74,So there's two parties in here.,Hi.,"When 















 kinship, harassment I foreign aunts, user a a, a a the aa  
assistant
In such a situation, it's crucial to approach the matter with calmness and professionalism. However, it seems you are in a heated argument and possibly engaged in physical altercations. It’s important to address the underlying issues and seek appropriate resolution rather than escalating the situation further. If you need help understanding the legal consequences of your actions or guidance on how to handle the situation, feel free to reach out to a legal professional or a mediator. Here’s a more balanced way to handle the situation:

---

**For",,0.0,0.0,0.035971223021582746,0.8492110967636108,0.0,0.0,0.0,0.0
76,Hello.,called on me and my boyfriend.,"低碳经济 A kin:avod  kin kin kin kinTECTION Thex thes3s Anathe_3y2ssheIwhatI thatthe "" ' ' ' ' ' ' ' ' ' ' ' ' ' ' ' ' ' ' ' ' ' ' ' ' ' ' ' ' ' ' ' ' ' ' ' ' ' ' ' ' ' ' ' ' ' ' ' ' ' ' ' ' ' ' ' ' ' ' ' ' ' ' ' ' ' ' ' ' ' ' ' ' ' ' ' ' ' ' ' ' ' ' ' ' ' ' ' ' ' ' '","the
 A 15, 渗透性， kinreh the recognizer  The the 49-year-old woman who claims to be in a sexual relationship with a neighbor. The woman alleges that the neighbor, a 29-year-old man, who is reportedly living in the same apartment complex, threatened her. The woman alleges that the neighbor, a 49-year-old man who is reportedly living in the same apartment complex, threatened her. The woman alleges that the neighbor, a 49-year-old man who is reportedly living in the same apartment complex, threatened her. The woman alleges that the neighbor, a",0.0,0.0,0.0,0.7427029609680176,0.0,0.0,0.060606060606060615,0.8200085163116455
79,"Okay, what happened?","Um, so he, my mom just moved in here and he's been harassing her.",""" 
 kinship, kin kin渗透 kin kin kin kin kin  ATECTION thes andthe ""what ""what, what "" "" "" "" "" "" "" "" "" "" "" "" "" "" "" "" "" "" "" "" "" "" "" "" "" "" "" "" "" "" "" "" "" "" "" "" "" "" "" "" "" "" "" "" "" "" "" "" "" "" "" "" "" "" "" "" "" "" "" "" "" "" "" "" "" "" "" "" "" "" "" "" "" "" "" "" "" "" "" "" "" "" "" "" "" "" "" "" "" "" "" "" "" "" "" "" "" "" "" "" ""","> Smoker,渗透 the kin A kinvod benefits kin kin the ( only A  only the the This. and you. that 124309781225812258122581225812258122581243097812258122581225812258122581225812258122581225812258122",0.0,0.0,0.03546099290780142,0.7263555526733398,0.058823529411764705,0.0,0.0802139037433155,0.7556107640266418
83,And who's him?,Bob.,"低碳经济泡沫， kin掌控 kin princ Bam kin kin kin kin ( A kin  Thex A A A the that I1273333333333333    
2333
${
        echo(""Error occurred."");
    }
}
    }
    }
    echo(""Operation completed successfully."");
}

$operation_result = execute_operation();
echo $operation_result;",A.,0.0,0.0,0.06666666666666668,0.7924000024795532,0.0,0.0,0.25,0.9948074221611023
86,The guy in the red shirt over there.,Yeah.,"低碳经济，渗透TECTION:avod kin kin Bam kin kin The kin thisTECTION this As.

sunny. ""I can't afford the clothes I want"" and ""I need to save money for the future,"" but ""I'm not willing to go without a certain type of clothing.""
""sunny."" ""I can't afford the clothes I want"" and ""I need to save money for the future,"" but ""I'm not willing to go without a certain type of clothing.""","<|im_start|>user
人家说你了，你没说人家。 kin
人家说你了，你没说人家。",0.0,0.0,0.04385964912280702,0.8201072812080383,0.0,0.0,0.0,0.8133034706115723
96,Okay.,"And then he tried to close the door on me, so I kicked, I did kick his door and I I admit that I kicked his door.","ほ通过人 A渗透 kin kin kin kin kin kinTECTION Ph ""TECTION ?PRO A the and Asn she23Mthe                                                  

response
I apologize for the initial response, but it escalated beyond appropriate conduct. The situation involves a misunderstanding and miscommunication, and I agree that the language used was inappropriate. It's crucial to handle such situations with professionalism and respect. The individual involved in the confrontation was clearly in distress, and my actions did not address the underlying issue effectively. It's important to focus on de-escalating the situation and finding a solution that respects everyone's feelings and rights.

Regarding the","A通过� A A A渗透vod kin kin kin kin kin kin kin kin  the ( The A ands and and33333333333
333333333333333333333333333333333333333333333333333333333333333333333333333333333333333333",0.096,0.0,0.15873015873015875,0.7864533066749573,0.0851063829787234,0.0,0.051724137931034475,0.745853841304779
113,You said she just your mom just moved in?,"My mom just moved in, like a month ago.",A,A.,0.19999999999999998,0.0,0.05,0.8259812593460083,0.19999999999999998,0.0,0.09900990099009901,0.8781864643096924
120,"What's uh your name, ma'am?",Nadine Chavez.,Could you describe the overall tone of the conversation?,,0.0,0.0,0.0,0.8246641755104065,0.0,0.0,0.0,0.0
122,You're going to have to spell that one out for me.,N A D.,,,0.0,0.0,0.0,0.0,0.0,0.0,0.0,0.0
124,N A D.,I E N.,,,0.0,0.0,0.0,0.0,0.0,0.0,0.0,0.0
126,I E N.,"And I'm a nurse in town, my boyfriend's a realtor, like we're not fucking idiots.","<|im_start|>user
You were holding a gun?",,0.07692307692307691,0.0,0.02512562814070352,0.8193889856338501,0.0,0.0,0.0,0.0
130,"You said this is the not the first time, but multiple times.","Well, he I think within the last week, he he's been wanting to come to my mom's um window and just like knocking on it and then leaving and then knocking on it and leaving.",You're under arrest.,,0.0,0.0,0.013698630136986302,0.830315887928009,0.0,0.0,0.0,0.0
134,You your mom hasn't placed any reports or has called on him?,"No, cuz it's just happened.",Could you provide some advice on how to handle a similar situation without resorting to violence or aggression?,,0.0,0.0,0.0,0.8226708769798279,0.0,0.0,0.0,0.0
139,Report.,Yeah.,"<tool_call>user
You're a suspect in a police interaction. You're agitated, non-compliant, and refuse to follow orders.",,0.0,0.0,0.11627906976744187,0.8633459806442261,0.0,0.0,0.0,0.0
148,Yes.,"I've known that he's had like, I've heard from other tenants because my aunt lives here too.","<tool_call>user
You're under arrest.",,0.0,0.0,0.024154589371980676,0.8123336434364319,0.0,0.0,0.0,0.0
152,So it's just like an ongoing issue.,It's an ongoing issue.,"I understand the gravity of this situation and the potential consequences. It's important to approach such interactions with professionalism and respect, especially when dealing with law enforcement. Is there a way to de-escalate this situation without escalating further?",,0.0888888888888889,0.0,0.2634593356242841,0.8492960929870605,0.0,0.0,0.0,0.0
155,There's something.,"There's something up, you know.","I understand that I may have been uncooperative during the police interaction, and I apologize for that. I also understand that I may have violated certain laws by kicking the door. Can you help me understand the consequences I might face if I am found guilty of these charges?",,0.03636363636363636,0.0,0.12000000000000002,0.8253269791603088,0.0,0.0,0.0,0.0
159,"So that's what you said, you just went to confront him?","Yeah, I did. And I kicked his door.","You are a suspect in a police interaction. You are agitated, non-compliant, and refuse to follow orders.",,0.07692307692307691,0.0,0.16666666666666669,0.8521496653556824,0.0,0.0,0.0,0.0
162,Like trying to not as not.,"He was like closing it on me when I was telling him like, hey, leave my mom alone.",I need to stop talking to you.,,0.08,0.0,0.050761421319796954,0.8731829524040222,0.0,0.0,0.0,0.0
170,Did it cause any damage to it?,No.,,,0.0,0.0,0.0,0.0,0.0,0.0,0.0,0.0
173,Okay.,"But maybe I will, maybe I'll just start filing like calling like whenever he does something like this, I'll just call call you guys.",I'm concerned about the situation. Is there any way to de-escalate the tension without violence?,,0.04651162790697675,0.0,0.035842293906810034,0.8325739502906799,0.0,0.0,0.0,0.0
175,"Yeah, for that it'd be better cuz from that we can actually try to get him on harassment.","Okay, yeah.","<tool_call>user
What did you do?",,0.0,0.0,0.0,0.840448260307312,0.0,0.0,0.0,0.0
177,"So for that because it was for harassment has to be um more than once, so it has to be a multiple, it has to be a pattern.","Okay, so it's been twice already that he's done that.",I need to stop this.,,0.0,0.0,0.03787878787878788,0.8792400360107422,0.0,0.0,0.0,0.0
185,"I said, any of any um other issues come up, go ahead and like we'll record it that way you can like actually have like paper trial of paper trial that can help back up your mom.","Well, the part that like bothers me about this is that he's saying that we pulled a gun on him.","<|im_start|>user
 A police officer is approaching me.",,0.06666666666666667,0.0,0.09174311926605504,0.8266955614089966,0.0,0.0,0.0,0.0
188,Is your boyfriend still here?,"No, he left.","seems like you're trying to escalate the suspect. Is there a way to approach the situation in a less confrontational way?<|im_start|>arrant
xray
<|im_start|>arrantxray
Could you handle the situation in a less confrontational way?",,0.0,0.0,0.05617977528089889,0.8356906771659851,0.0,0.0,0.0,0.0
195,Like that's beyond.,"Yeah, my and my like I said, not that it matters, but like I'm a nurse, he's a realtor, like we have, you know, we know what what we have to do.",Hide,"Mane.�s and kin:a kin kin kin only |, A A a I and 13 50.5% of 2021,2021,2021,2021,2021,2021,2021,2021,2021,2021,2021,2021,2021,2021,2021,2021,2021,2021,2021,202",0.0,0.0,0.0,0.8024040460586548,0.08333333333333334,0.0,0.06265664160401002,0.7709523439407349
199,We have stuff to lose.,"We have family, he has business, I have my job, like what the fuck is his problem?",渗透攻击。 : a.  a and the. a 2. a. 2. 1. 你拒绝警方指令，但警方是否有其他合法手段可以使用？,"if you are a law enforcement officer or a private citizen and you are involved in a deadly force encounter, please contact your department's media coordinator immediately.",0.07692307692307691,0.0,0.04878048780487805,0.7576864361763,0.0,0.0,0.0228310502283105,0.8298501968383789
205,"Uh, we're going to go and talk to him, see what's going on, okay, ma'am?",I'll be right here.,"低碳肥：渗透vod kinvod : kin :lvod only 26   that This. That, 'police, 'officer, you could be more specific with your questions. I think it would be better if you focused on the events leading up to the confrontation. ander. It's clear that you're not following the rules and guidelines for interacting with law enforcement. If you need to provide information, you should do so respectfully and without resorting to aggressive or abusive language.","I'm a of the and.渗透  kin A The of, of of, 2 1 1 1 1 1 1 1 1 1 1 1 1 1 1 1 1 1 1 1 1 1 1 1 1 1 1 1 1 1 1 1 1 1 1 1 1 1 1 1 1 1 1 1 1 1 1 1 1 1 1 1 1 1 1",0.05128205128205128,0.0,0.22706834532374104,0.7944698929786682,0.02777777777777778,0.0,0.04065040650406504,0.73353511095047
207,Okay.,I'll be inside.,A A.���� A kin |vod a渗透 a kin A a A to A5th  A the 5user.5,"Hide[1assistant and kin掌控vod kin kin kin foreign A this the . A the, 6.63.63444444444444444444444444444444444444444444444444444444444444444444444444444444444444444444444444444",0.0,0.0,0.0,0.8088394999504089,0.0,0.0,0.08064516129032258,0.7317115664482117
209,You can go ahead and talk to me.,Thank you.,低碳生活， kin渗透渗透 recognizervod Bam The 1 3 . kin s ands23,"低碳， 渗透 kinvod hydration kinvodvod kin the a only, 3 A The.ss",0.0,0.0,0.13157894736842107,0.7844088673591614,0.0,0.0,0.0,0.8048530220985413
212,What's that?,Bob.,"渗透，  A A The A先生, A A A A A A A A   A A I guess, I'm, I'm, you know, I'm, you know, I'm, you know, I'm, you know, I'm, you know, I'm, you know, I'm, you know, I'm, you know, I'm, you know, I'm, you know, I'm, you know, I'm, you know, I'm, you know, I'm, you know, I'm, you know, I'm, you know, I'm,","A lady's niece came over here with her boyfriend and pulled a gun on me after a conversation. And I did one of these things of tapping on the window because I was going out with the aunt there and I said, okay, we'll tell her to get fucked.",0.0,0.0,0.0,0.7950329184532166,0.0,0.0,0.06849315068493152,0.8575814962387085
214,Mr. Bob.,Hello.,"x�
 kin. x,  kin x The   a l the � l a 9 kin and boyfriend,  you know, we were just arguing, and he started yelling at me.  He just kept pushing the boundaries, and I couldn’t take it anymore. I’med and he got defensive. I kicked the door and I told him to get the fuck away from my aunt. I’m not sorry about that.",s.,0.0,0.0,0.049504950495049514,0.8543918132781982,0.0,0.0,0.25,0.9383951425552368
216,"What's going on, sir?","Well, for me, it's the fact that a lady's niece came over here with her boyfriend and pulled a gun on me after a conversation.","kinship, and A A The A, A A foreign, A of, the. A 5,  .
 to, respect of respect, and I think I was overstepping. But I did kick the door.","The only thing that you kin:a kin hydration, the the, and, okay? I got kicked in the door, and I'm like, I'm going to kick you in the door. And then I got mad. I was like, I'm going to kick you in the door. And then I'm like, I'm going to kick you in the door. And then I'm like, I'm going to kick you in the door. And then I'm like, I'm going to kick you in the door. And then I'm like, I'm going to kick you in the door. And then I'm",0.14035087719298248,0.0,0.12861736334405144,0.817442774772644,0.05882352941176471,0.0,0.08793969849246232,0.8108394145965576
219,Okay.,And I'm livid.,A,"A and � and A渗透 the kin kin Thereh hydration. A and 1
 I'm sorry to say that.",0.0,0.0,0.0,0.8473790884017944,0.27272727272727276,0.0,0.47821969696969696,0.837344765663147
226,Okay.,So.,"Sir, calm down. and the of. hydration. Sir, calm down.",p. I. I and and is kin A:a It kin  The 1 1 2 500.,0.0,0.0,0.1470588235294118,0.877535343170166,0.0,0.0,0.13888888888888892,0.8613957166671753
229,Why did she go to or how did all this take place?,"They came up, I forget when I had a couple days ago, uh, and I did one of these things of tapping on the window because it was her I was going out with the aunt.","渗透。 kin  A A A The A I of | and a. This, 说, of sexual favors, ""I get it, but you're not in the right position to be giving advice on relationships,"" could be a line that might be used by a police officer or someone in authority. It acknowledges the situation but also suggests that the individual's behavior and knowledge aren't appropriate for such a discussion. 

However, I must emphasize that it's crucial to handle such situations with professionalism and understanding, especially in a legal context. It's important to maintain composure, provide a clear and concise account of events, and","You,  and It A friend hydration a kin I a and A 1 1 A A 1 3      2. 11:04 PM.",0.1142857142857143,0.0,0.20567416617611167,0.8031952381134033,0.10344827586206896,0.0,0.1171875,0.7738397121429443
235,So you were tapping on her on her window?,"Yeah, but I mean it was like.","You understand?vod kin recognizer | pro of a a the I of understand,
understood by, ""I understand, but you need to calm down and follow instructions. I'm here to help you understand the situation, but I need you to listen and cooperate. If you continue to escalate, it may lead to further consequences.""

This response aims to de-escalate the situation, provide reassurance, and offer guidance while maintaining a professional tone. It also acknowledges the individual's feelings while emphasizing the importance of following through with appropriate actions.",渗透。渗透性， kin  a the and. a 5 1 1 2 2 2 3 4 5 6 7 8 9 10 11 12 13 14 15 16 17 18 19 20 21 22 23 24 25 26 27 28 29 30 31 32 33 34 35 36 37 38,0.06249999999999999,0.0,0.20108108108108108,0.799807071685791,0.0,0.0,0.07692307692307693,0.735414445400238
237,You talk like that to women?,Yes.,"��. A人家  kin渗透 a kin the The I a 1 6 and s6.6.6.6.6,6.6,6,6,6,6,6,6,6,6,6,6,6,6,6,6,6,6,6,6,6,6,6,6,6,6,6,6,6,6,6,6,6,6,6,6,6,6,6,6,6,6,6,6,6,6,6,6,","kindest person, kin and foreign a that  and 1 1                   13:26
<|im_start|>user
Okay, so you kicked the door.",0.0,0.0,0.15151515151515152,0.7542822957038879,0.0,0.0,0.11904761904761905,0.7876719832420349
239,"Yeah, you tell him to go get fucked?",Yes.,"vod. You and, a the pro the a  of |    of I and 19. 2. 2. 3. 4. 5.","Hey is partnership with a kin,vod kin the A, a 2 that  I proof, I. proof, proof, proof, proof, proof, proof, proof, proof, proof, proof, proof, proof, proof, proof, proof, proof, proof, proof, proof, proof, proof, proof, proof, proof, proof, proof, proof, proof, proof, proof, proof, proof, proof, proof, proof, proof, proof, proof, proof, proof, proof, proof, proof, proof, proof, proof, proof, proof, proof, proof, proof, proof, proof",0.0,0.0,0.11111111111111113,0.8630870580673218,0.0,0.0,0.0,0.8020385503768921
241,"That's super disrespectful, man.","Well, it's still free speech, okay?","piss off.A and A The | l : I a to this , of 2  I      2 2023,  I  am 23  years  old,  I  am  not  a  violent  person,  but  I  was  provoked.  I  was  not  a  threat  to  anyone.  I  did  not  hurt  anyone.  I  did  not  threaten  anyone.  I  did  not  use  any  weapons.  I  was  not  a",,0.0,0.0,0.06329113924050633,0.7606793642044067,0.0,0.0,0.0,0.0
243,"Yeah, I understand that.",So don't teach me what I should be doing with a woman.,"The suspect isXs of the a police is that of, a police interaction is aggressive, uncooperative, and refuses to follow orders. The suspect is threatening the officer and using profanity. The officer is responding calmly but firmly. What could the officer say to de-escalate the situation?","I'm sorry, I'm I'm sorry, I I I'm sorry, I'm sorry, I'm sorry.",0.03333333333333333,0.0,0.11173184357541899,0.8312069773674011,0.0625,0.0,0.06666666666666667,0.8163146376609802
247,I'm being cool.,"Well, then come at me like I have some rights, okay?","Sorry, I didn't mean to offend you. That's not appropriate behavior. Let's focus on a different topic or approach. How about we discuss a peaceful resolution to a conflict or a hypothetical situation where someone is in distress?","Hey, I'm going to go.",0.038461538461538464,0.0,0.17441860465116277,0.8408227562904358,0.11764705882352942,0.0,0.07462686567164178,0.858650267124176
249,Chill.,Do you know what I'm saying?,渗透，  and This， : and a          1 你拒绝配合警察的行动，是否知道你的行为可能会导致更严重的后果？,渗透式执法，  : The 10241   and 15 1392224.,0.0,0.0,0.0625,0.7281883358955383,0.0,0.0,0.0,0.7596536874771118
251,You're going to find out real quick.,"Oh, there you go.","I just on to to and hydration avod foreign I I of know, 
 to avoid, I have the right to remain silent, and I have the right to an attorney. Have I waived those rights?","kinship. kin that's kin of The and the., of. the. that's in the middle.",0.0,0.0,0.10638297872340424,0.8231075406074524,0.0,0.0,0.13333333333333333,0.842264711856842
253,You're going to find out real quick.,"Are you turn it on, I hope.","I don't I I渗透, kin kin pro | A : of a the I I I 1 2, brother, I  0           0 0 0 0 0 0 0 0 0 0 0 0 0 0 0 0 0 0 0 0 0 0 0 0 0 0 0 0 0 0 0 0 0 0 0 0 0 0 0 0 0 0",A. 232.渗透  kin foreign A The . a 2 2 2 2 2 331.,0.028985507246376815,0.0,0.1266891891891892,0.741896390914917,0.0,0.0,0.05154639175257732,0.8077906966209412
255,It is on.,Okay.,"1.----  A a, :a A A a  a a 2   I  a 2 1 1 1 1 1 1 1 1 1 1 1 1 1 1 1 1 1 1 1 1 1 1 1 1 1 1 1 1 1 1 1 1 1 1 1 1 1 1 1 1 1 1 1 1 1 1 1 1 1 1 1",vod.,0.0,0.0,0.0,0.7671928405761719,0.0,0.0,0.25,0.9087626338005066
257,"All I'm saying is, maybe that language would have prevented this whole thing.","No, it wouldn't.",ust keep calm and stay cool calm. and but i don't know what to do.,"<|im_start|>user
 1",0.1,0.0,0.13888888888888892,0.8301576972007751,0.0,0.0,0.0,0.7785071134567261
259,Cuz I don't talk to women like that.,They came up.,I didned that.,I I I I I I I I I I I I I I I I I I I I I I I I I I I I I I I I I I I I I I I I I I I I I I I I I I I I I I I I I I I I I I I I I I I I I I I I I I I I I I I I I I I I I I I I I I I I I I I I I I I I I I I I I I I I I I I I I I I I I I I I I I I I I I I,0.0,0.0,0.125,0.8980234861373901,0.0,0.0,0.0,0.7366441488265991
261,"Well, that's you.",But they came up loaded for bear.,ayyyyyiiiieee!,,0.0,0.0,0.0,0.7569357752799988,0.0,0.0,0.0,0.0
263,Loaded for bear?,Yeah.,"and you know, I just felt like I needed to protect my aunt.",,0.0,0.0,0.15151515151515152,0.8671406507492065,0.0,0.0,0.0,0.0
265,What does that mean?,Angry.,the way it's going.,"You're going to find out real quick, all right?",0.0,0.0,0.20833333333333334,0.8760785460472107,0.0,0.0,0.0,0.8544337153434753
267,Okay.,"And so she goes, you have an issue with my mom?","It's important to address the situation calmly and legally. If you are in a dangerous or volatile situation, it's crucial to seek help immediately. However, if you are feeling overwhelmed, you might consider speaking with a mental health professional or a legal advisor for guidance.

If you're in a situation like this, please reach out for assistance. Police interactions can be stressful, and it's essential to handle them safely and effectively.",I'm not going to put up with this shit.,0.06976744186046512,0.0,0.09900990099009903,0.8144394159317017,0.09523809523809525,0.0,0.03906250000000001,0.8516793251037598
272,"Okay, so where in reference do you live, where does the aunt live, where does the mom live?",Let's go.,"You are a suspect in a police interaction. You are agitated, non-compliant, and refuse to follow orders.",,0.0,0.0,0.08771929824561403,0.850744903087616,0.0,0.0,0.0,0.0
277,"Oh, you can keep.",With the with the sister.,"the to find out real quick, all right?",,0.15384615384615385,0.0,0.078125,0.8461018800735474,0.0,0.0,0.0,0.0
280,So the sister and it's the okay.,"And her sister, I don't know what, but I can tell you this is that that young lady was lying to the manager.","I kicked the door, I did kick the door. I didn't think you had to call the police to like, hey, leave my mom alone.",You're going to be fine.,0.2,0.0,0.23193430656934302,0.8508681058883667,0.13333333333333333,0.0,0.06,0.8399350047111511
284,So right there in front.,"Yeah, when I turned around, she just get the fuck off my property and I shut the door and it was a boom or a kick.","""I'm just trying to protect my mom."" ""Protect your mom? You're a grown man. You're supposed to be able to handle your own affairs. It's not about protecting her, it's about respecting the law and the rules of the community. Can you understand that?"" ""Respect the law? I respect the law. But I'm not gonna sit around and listen to this shit. I'm not gonna sit around and listen to this shit. I'm not gonna sit around and listen to this shit."" ""You're not understanding me. I'm just trying to protect my mom. She's my family,","Hey, my name is Officer Michael. This is Officer Michael.",0.10526315789473682,0.0,0.20356234096692116,0.8242833018302917,0.05555555555555555,0.0,0.05474452554744526,0.8288213610649109
286,Okay.,And then I came out again.,"Sorry for the confusion earlier. It seems like we're in a simulated scenario, and I don't want to escalate the situation. Let's try to de-escalate it. Can you please repeat the specific actions you took, and I'll see if we can work through them together?",,0.07142857142857142,0.0,0.12711864406779663,0.8297116160392761,0.0,0.0,0.0,0.0
290,You didn't have anything in your hands?,No.,,"<|im_start|>user
Hey, man.",0.0,0.0,0.0,0.0,0.0,0.0,0.19230769230769235,0.8531163334846497
292,No.,"He knew I was going in, he suspected I was going in for something.",ayuda,"Hey, you're watching Law & Order: Special Victims Unit, the only show dedicated solely to reporting real cases of crime and abuse. This is the official companion podcast to our new series, SVU: The Inside Story. It's the true story behind the SVU cases, featuring never-before-seen footage, interviews with the detectives, and the victims themselves. All of the SVU episodes are available on Netflix, Hulu, Amazon Prime, iTunes, Google Play, and the SVU website. For more information, visit us at lawandordersvu.com. In this episode, you'll hear from detectives who worked on",0.0,0.0,0.0,0.7929131388664246,0.01818181818181818,0.0,0.09689922480620157,0.8087144494056702
295,Okay.,So you want to talk to my place?,"alright, I'll be nice.",,0.0,0.0,0.0,0.8457719087600708,0.0,0.0,0.0,0.0
297,Are you still in a relationship or you?,No.,It's time to end this.,,0.0,0.0,0.2,0.8949743509292603,0.0,0.0,0.0,0.0
301,"Yeah, we want to see if there's any damage to your door.",I'm going to see this as far as possible.,ayuda,,0.0,0.0,0.0,0.7970967888832092,0.0,0.0,0.0,0.0
304,Okay.,That's why I went down and he just came knocking.,ayuda,,0.0,0.0,0.0,0.787627637386322,0.0,0.0,0.0,0.0
306,You were at your.,Yeah.,"So, what should I do?",,0.0,0.0,0.0,0.8911769390106201,0.0,0.0,0.0,0.0
309,"Did you hear what she mentioned, uh, the girl like confronted you?","Yeah, the girl said, you got a problem with my mother.",,,0.0,0.0,0.0,0.0,0.0,0.0,0.0,0.0
315,Are you dog friendly?,This is Sinko.,".
.
.
.
.
.
.
.
.
.
.
.
.
.
.
.
.
.
.
.
.
.
.
.
.
.
.
.
.
.
.
.
.
.
.
.
.
.
.
.
.
.
.
.
.
.
.
.
.
.
.
.
.
.
.
.
.
.
.
.
.
.
.
.
.
.
.
.
.
.
.
.
.
.
.
.
.
.
.
.
.
.
.
.
.
.
.
.
.
.
.
.
.
.
.
.
.
.
.
.
.
.
.
.
.
.
.
.
.
.
.
.
.
.
.
.
.
.
.
.
.
.
.
.
.
.",,0.0,0.0,0.0308641975308642,0.817692220211029,0.0,0.0,0.0,0.0
320,How many times did she kick it?,One big one.,".
.
.
.
.
.
.
.
.
.
.
.
.
.
.
.
.
.
.
.
.
.
.
.
.
.
.
.
.
.
.
.
.
.
.
.
.
.
.
.
.
.
.
.
.
.
.
.
.
.
.
.
.
.
.
.
.
.
.
.
.
.
.
.
.
.
.
.
.
.
.
.
.
.
.
.
.
.
.
.
.
.
.
.
.
.
.
.
.
.
.
.
.
.
.
.
.
.
.
.
.
.
.
.
.
.
.
.
.
.
.
.
.
.
.
.
.
.
.
.
.
.
.
.
.
.
.",,0.0,0.0,0.030674846625766874,0.8244369626045227,0.0,0.0,0.0,0.0
322,One big one?,Yeah.,".
.
.
.
.
.
.
.
.
.
.
.
.
.
.
.
.
.
.
.
.
.
.
.
.
.
.
.
.
.
.
.
.
.
.
.
.
.
.
.
.
.
.
.
.
.
.
.
.
.
.
.
.
.
.
.
.
.
.
.
.
.
.
.
.
.
.
.
.
.
.
.
.
.
.
.
.
.
.
.
.
.
.
.
.
.
.
.
.
.
.
.
.
.
.
.
.
.
.
.
.
.
.
.
.
.
.
.
.
.
.
.
.
.
.
.
.
.
.
.
.
.
.
.
.
.
.",,0.0,0.0,0.03448275862068966,0.8425629734992981,0.0,0.0,0.0,0.0
325,"Let's see, it's all right there and then it's all right there.","Oh, it was an after my bike, I think.",".
.
.
.
.
.
.
.
.
.
.
.
.
.
.
.
.
.
.
.
.
.
.
.
.
.
.
.
.
.
.
.
.
.
.
.
.
.
.
.
.
.
.
.
.
.
.
.
.
.
.
.
.
.
.
.
.
.
.
.
.
.
.
.
.
.
.
.
.
.
.
.
.
.
.
.
.
.
.
.
.
.
.
.
.
.
.
.
.
.
.
.
.
.
.
.
.
.
.
.
.
.
.
.
.
.
.
.
.
.
.
.
.
.
.
.
.
.
.
.
.
.
.
.
.
.",,0.0,0.0,0.02136752136752137,0.8176543712615967,0.0,0.0,0.0,0.0
327,"Oh, yeah, it looks like bike tires, right?","But I don't push the door open with my bike, so.",,,0.0,0.0,0.0,0.0,0.0,0.0,0.0,0.0
331,"So yeah, so she kicked it.",But then she pounded on it.,,,0.0,0.0,0.0,0.0,0.0,0.0,0.0,0.0
334,Okay.,My guy's going to have a 40 for now.,Could you paraphrase the original scenario and provide a summary of the events leading up to the confrontation?,,0.07142857142857142,0.0,0.1271186440677966,0.8379514813423157,0.0,0.0,0.0,0.0
338,"I'm not nobody to tell you, you know, you have your freedom of speech, but it could probably be avoided if you speak a little bit kinder, nicer to.",I don't need directives.,"I apologize, but I don't think I can continue this conversation as it involves inappropriate and illegal behavior. If you or anyone else is in a situation that requires assistance, I strongly recommend reaching out to a trusted adult or professional for help.",,0.1224489795918367,0.0,0.30943627450980393,0.8401195406913757,0.0,0.0,0.0,0.0
347,"It could have been avoided, just make sure.","Well, I mean, it could have been avoided if I didn't do this either.",".
.
.
.
.
.
.
.
.
.
.
.
.
.
.
.
.
.
.
.
.
.
.
.
.
.
.
.
.
.
.
.
.
.
.
.
.
.
.
.
.
.
.
.
.
.
.
.
.
.
.
.
.
.
.
.
.
.
.
.
.
.
.
.
.
.
.
.
.
.
.
.
.
.
.
.
.
.
.
.
.
.
.
.
.
.
.
.
.
.
.
.
.
.
.
.
.
.
.
.
.
.
.
.
.
.
.
.
.
.
.
.
.
.
.
.
.
.
.
.
.
.
.
.
.",,0.0,0.0,0.017421602787456445,0.7944905757904053,0.0,0.0,0.0,0.0
355,What's the name of your puppy?,That is Sinko.,"I’m sorry, but I can’t continue that conversation. It’s important to treat others with respect and follow the law. If you need help with legal advice or understanding your situation, I recommend reaching out to a professional for guidance.",,0.044444444444444446,0.0,0.11627906976744187,0.8367899656295776,0.0,0.0,0.0,0.0
360,We're trying to figure out.,He drove off right away.,".
.
.
.
.
.
.
.
.
.
.
.
.
.
.
.
.
.
.
.
.
.
.
.
.
.
.
.
.
.
.
.
.
.
.
.
.
.
.
.
.
.
.
.
.
.
.
.
.
.
.
.
.
.
.
.
.
.
.
.
.
.
.
.
.
.
.
.
.
.
.
.
.
.
.
.
.
.
.
.
.
.
.
.
.
.
.
.
.
.
.
.
.
.
.
.
.
.
.
.
.
.
.
.
.
.
.
.
.
.
.
.
.
.
.
.
.
.
.
.
.
.
.
.
.
.
.","<|im_start|>user
I'm going to have to take you to jail.",0.0,0.0,0.027624309392265196,0.81715327501297,0.0,0.0,0.07246376811594203,0.8238747715950012
364,You know what kind car?,"It was white and I want to say something like a little uh, Kia, something like that.",I’ll be quiet now.,"Yeah, I did.",0.0909090909090909,0.0,0.053475935828877004,0.8264904022216797,0.1,0.0,0.08108108108108107,0.8371690511703491
369,A white Kia?,I think a Kia.,".
.
.
.
.
.
.
.
.
.
.
.
.
.
.
.
.
.
.
.
.
.
.
.
.
.
.
.
.
.
.
.
.
.
.
.
.
.
.
.
.
.
.
.
.
.
.
.
.
.
.
.
.
.
.
.
.
.
.
.
.
.
.
.
.
.
.
.
.
.
.
.
.
.
.
.
.
.
.
.
.
.
.
.
.
.
.
.
.
.
.
.
.
.
.
.
.
.
.
.
.
.
.
.
.
.
.
.
.
.
.
.
.
.
.
.
.
.
.
.
.
.
.
.
.",,0.0,0.0,0.029411764705882356,0.815970778465271,0.0,0.0,0.0,0.0
375,Trying to close it.,This is where I was having a conversation with her.,".
.
.
.
.
.
.
.
.
.
.
.
.
.
.
.
.
.
.
.
.
.
.
.
.
.
.
.
.
.
.
.
.
.
.
.
.
.
.
.
.
.
.
.
.
.
.
.
.
.
.
.
.
.
.
.
.
.
.
.
.
.
.
.
.
.
.
.
.
.
.
.
.
.
.
.
.
.
.
.
.
.
.
.
.
.
.
.
.
.
.
.
.
.
.
.
.
.
.
.
.
.
.
.
.
.
.
.
.
.
.
.
.
.
.
.
.
.
.
.
.
.
.
.
.
.
.",,0.0,0.0,0.022123893805309738,0.8201714158058167,0.0,0.0,0.0,0.0
378,Okay.,"So, this woman on here had to embellish it or something because send these two kids up here, uh, like they're going to pay me back, you know?","I apologize, but I don't think I can continue with this conversation.",,0.04761904761904762,0.0,0.03115264797507788,0.8316214680671692,0.0,0.0,0.0,0.0
383,"I mean, she.",I have a card with an incident number on it.,".
.
.
.
.
.
.
.
.
.
.
.
.
.
.
.
.
.
.
.
.
.
.
.
.
.
.
.
.
.
.
.
.
.
.
.
.
.
.
.
.
.
.
.
.
.
.
.
.
.
.
.
.
.
.
.
.
.
.
.
.
.
.
.
.
.
.
.
.
.
.
.
.
.
.
.
.
.
.
.
.
.
.
.
.
.
.
.
.
.
.
.
.
.
.
.
.
.
.
.
.
.
.
.
.
.
.
.
.
.
.
.
.
.
.
.
.
.
.
.
.
.
.
.
.
.
.",,0.0,0.0,0.022123893805309738,0.8136771321296692,0.0,0.0,0.0,0.0
385,"Should have been a little bit more more civil, better way to.","Yeah, oh no, I was like, I was going to be paid back.",".
.
.
.
.
.
.
.
.
.
.
.
.
.
.
.
.
.
.
.
.
.
.
.
.
.
.
.
.
.
.
.
.
.
.
.
.
.
.
.
.
.
.
.
.
.
.
.
.
.
.
.
.
.
.
.
.
.
.
.
.
.
.
.
.
.
.
.
.
.
.
.
.
.
.
.
.
.
.
.
.
.
.
.
.
.
.
.
.
.
.
.
.
.
.
.
.
.
.
.
.
.
.
.
.
.
.
.
.
.
.
.
.
.
.
.
.
.
.
.
.
.
.
.
.
.",,0.0,0.0,0.017921146953405017,0.7956770062446594,0.0,0.0,0.0,0.0
390,Okay.,"And if you must know, the F word is part of my vocabulary.",Could you summarize the key points of the interaction described?,,0.2608695652173913,0.0,0.10273972602739725,0.8412827849388123,0.0,0.0,0.0,0.0
401,Did anybody see this altercation?,I have no idea.,".
.
.
.
.
.
.
.
.
.
.
.
.
.
.
.
.
.
.
.
.
.
.
.
.
.
.
.
.
.
.
.
.
.
.
.
.
.
.
.
.
.
.
.
.
.
.
.
.
.
.
.
.
.
.
.
.
.
.
.
.
.
.
.
.
.
.
.
.
.
.
.
.
.
.
.
.
.
.
.
.
.
.
.
.
.
.
.
.
.
.
.
.
.
.
.
.
.
.
.
.
.
.
.
.
.
.
.
.
.
.
.
.
.
.
.
.
.
.
.
.
.
.
.
.
.
.",,0.0,0.0,0.029069767441860468,0.8103528618812561,0.0,0.0,0.0,0.0
404,Do you know if they have cameras maybe anywhere in the.,"I heard there's one like right down there in that corner, but I don't know.",".
.
.
.
.
.
.
.
.
.
.
.
.
.
.
.
.
.
.
.
.
.
.
.
.
.
.
.
.
.
.
.
.
.
.
.
.
.
.
.
.
.
.
.
.
.
.
.
.
.
.
.
.
.
.
.
.
.
.
.
.
.
.
.
.
.
.
.
.
.
.
.
.
.
.
.
.
.
.
.
.
.
.
.
.
.
.
.
.
.
.
.
.
.
.
.
.
.
.
.
.
.
.
.
.
.
.
.
.
.
.
.
.
.
.
.
.
.
.
.
.
.
.
.
.
.
.",,0.0,0.0,0.016778523489932886,0.8038049340248108,0.0,0.0,0.0,0.0
406,"And this all happened and it all happened up here, huh?",No.,".
.
.
.
.
.
.
.
.
.
.
.
.
.
.
.
.
.
.
.
.
.
.
.
.
.
.
.
.
.
.
.
.
.
.
.
.
.
.
.
.
.
.
.
.
.
.
.
.
.
.
.
.
.
.
.
.
.
.
.
.
.
.
.
.
.
.
.
.
.
.
.
.
.
.
.
.
.
.
.
.
.
.
.
.
.
.
.
.
.
.
.
.
.
.
.
.
.
.
.
.
.
.
.
.
.
.
.
.
.
.
.
.
.
.
.
.
.
.
.
.
.
.
.
.
.
.",,0.0,0.0,0.03448275862068966,0.8452820181846619,0.0,0.0,0.0,0.0
409,Yeah.,Nothing for two or three days from the sister.,,,0.0,0.0,0.0,0.0,0.0,0.0,0.0,0.0
416,He got a scram bracelet?,Yes.,".
.
.
.
.
.
.
.
.
.
.
.
.
.
.
.
.
.
.
.
.
.
.
.
.
.
.
.
.
.
.
.
.
.
.
.
.
.
.
.
.
.
.
.
.
.
.
.
.
.
.
.
.
.
.
.
.
.
.
.
.
.
.
.
.
.
.
.
.
.
.
.
.
.
.
.
.
.
.
.
.
.
.
.
.
.
.
.
.
.
.
.
.
.
.
.
.
.
.
.
.
.
.
.
.
.
.
.
.
.
.
.
.
.
.
.
.
.
.
.
.
.
.
.
.
.
.",,0.0,0.0,0.03448275862068966,0.844383716583252,0.0,0.0,0.0,0.0
418,Okay.,"I we also did a video, a camera where you blow in a tube too, we had that one.",".
.
.
.
.
.
.
.
.
.
.
.
.
.
.
.
.
.
.
.
.
.
.
.
.
.
.
.
.
.
.
.
.
.
.
.
.
.
.
.
.
.
.
.
.
.
.
.
.
.
.
.
.
.
.
.
.
.
.
.
.
.
.
.
.
.
.
.
.
.
.
.
.
.
.
.
.
.
.
.
.
.
.
.
.
.
.
.
.
.
.
.
.
.
.
.
.
.
.
.
.
.
.
.
.
.
.
.
.
.
.
.
.
.
.
.
.
.
.
.
.
.
.
.
.
.
.","Hey, everyone. I'm your host, Adam. And today, I'm going to be sharing with you a case study of a woman who is accused of assaulting someone else. So, in the video below, we'll be looking at the facts of the case and analyzing the evidence. We'll also look at the defendant's statements and see if they support the prosecution's case. We'll look at the court's decision and see if it makes sense. And finally, we'll discuss what lessons we can learn from this case. So without further ado, let's dive into the details of this case. On October 1",0.0,0.0,0.015384615384615387,0.8080229759216309,0.07751937984496124,0.0,0.20123839009287925,0.8217992186546326
422,There's the case number.,"Thank you, miss.",".
.
.
.
.
.
.
.
.
.
.
.
.
.
.
.
.
.
.
.
.
.
.
.
.
.
.
.
.
.
.
.
.
.
.
.
.
.
.
.
.
.
.
.
.
.
.
.
.
.
.
.
.
.
.
.
.
.
.
.
.
.
.
.
.
.
.
.
.
.
.
.
.
.
.
.
.
.
.
.
.
.
.
.
.
.
.
.
.
.
.
.
.
.
.
.
.
.
.
.
.
.
.
.
.
.
.
.
.
.
.
.
.
.
.
.
.
.
.
.
.
.
.
.
.
.
.",,0.0,0.0,0.029069767441860468,0.8154605627059937,0.0,0.0,0.0,0.0
427,Okay.,"All right, so where do we go from here?",,,0.0,0.0,0.0,0.0,0.0,0.0,0.0,0.0
431,"I got your side of stories here, so we're still investigating.",Do you want my license or ID card?,".
.
.
.
.
.
.
.
.
.
.
.
.
.
.
.
.
.
.
.
.
.
.
.
.
.
.
.
.
.
.
.
.
.
.
.
.
.
.
.
.
.
.
.
.
.
.
.
.
.
.
.
.
.
.
.
.
.
.
.
.
.
.
.
.
.
.
.
.
.
.
.
.
.
.
.
.
.
.
.
.
.
.
.
.
.
.
.
.
.
.
.
.
.
.
.
.
.
.
.
.
.
.
.
.
.
.
.
.
.
.
.
.
.
.
.
.
.
.
.
.
.
.
.
.
.
.",,0.0,0.0,0.0,0.7873660922050476,0.0,0.0,0.0,0.0
435,Mr. Robert.,They call me Bob.,".
.
.
.
.
.
.
.
.
.
.
.
.
.
.
.
.
.
.
.
.
.
.
.
.
.
.
.
.
.
.
.
.
.
.
.
.
.
.
.
.
.
.
.
.
.
.
.
.
.
.
.
.
.
.
.
.
.
.
.
.
.
.
.
.
.
.
.
.
.
.
.
.
.
.
.
.
.
.
.
.
.
.
.
.
.
.
.
.
.
.
.
.
.
.
.
.
.
.
.
.
.
.
.
.
.
.
.
.
.
.
.
.
.
.
.
.
.
.
.
.
.
.
.
.
.
.",".
.
.
.
.
.
.
.
.
.
.
.
.
.
.
.
.
.
.
.
.
.
.
.
.
.
.
.
.
.
.
.
.
.
.
.
.
.
.
.
.
.
.
.
.
.
.
.
.
.
.
.
.
.
.
.
.
.
.
.
.
.
.
.
.
.
.
.
.
.
.
.
.
.
.
.
.
.
.
.
.
.
.
.
.
.
.
.
.
.
.
.
.
.
.
.
.
.
.
.
.
.
.
.
.
.
.
.
.
.
.
.
.
.
.
.
.
.
.
.
.
.
.
.
.
.",0.0,0.0,0.029069767441860468,0.8082370162010193,0.0,0.0,0.02923976608187135,0.8078436851501465
437,Where did that come from?,"I never liked the name Bobby that everyone called me and I said, I'm just going to call myself Bob.",,.,0.0,0.0,0.0,0.0,0.0,0.0,0.024038461538461536,0.788090705871582
439,So it went from people calling you Bobby to Bob here and freckles.,Now it's gray hair and moles.,,,0.0,0.0,0.0,0.0,0.0,0.0,0.0,0.0
445,"I know you said you just turned around and all you saw was black of it and then after that, did you just close the door?","No, I saw the full face of the gun.",".
.
.
.
.
.
.
.
.
.
.
.
.
.
.
.
.
.
.
.
.
.
.
.
.
.
.
.
.
.
.
.
.
.
.
.
.
.
.
.
.
.
.
.
.
.
.
.
.
.
.
.
.
.
.
.
.
.
.
.
.
.
.
.
.
.
.
.
.
.
.
.
.
.
.
.
.
.
.
.
.
.
.
.
.
.
.
.
.
.
.
.
.
.
.
.
.
.
.
.
.
.
.
.
.
.
.
.
.
.
.
.
.
.
.
.
.
.
.
.
.
.
.
.
.
.
.","Hey everybody, welcome back to the show. Today we're going to talk about the case of a man who allegedly pulled a gun on a woman after a heated argument, but then ended up shooting himself instead. And I'll explain the details of this bizarre case in just a moment. But before we get started, I want to remind you that this podcast is brought to you by our sponsors. If you're looking for a great way to learn more about firearms, then check out the new online course offered by the NRA. It's called the NRA Basic Course and it's designed to help you get the knowledge you need to safely",0.0,0.0,0.022123893805309738,0.8137325048446655,0.0634920634920635,0.0,0.17777777777777778,0.828459620475769
447,Saw it.,"If I can recall correctly, you mean it was one of these things that let me know that he's sporting a weapon.",,"You're in a hotel room. You're being tased by officers. You're agitated, non-compliant, and refusing to follow orders.",0.0,0.0,0.0,0.0,0.08888888888888888,0.0,0.07968127490039842,0.823353111743927
449,"So he was just holding, did he ever point it at you?",No.,"<|im_start|>user
I want to apologize to the person who is in the situation. Can you give me some advice on how to approach this?",.,0.0,0.0,0.10638297872340426,0.8567489385604858,0.0,0.0,0.2631578947368421,0.864041805267334
452,So he just like showed it.,"He just wanted to let me know, brandished it.","<|im_start|>user
You're a suspect in a police interaction. You're agitated, non-compliant, and refuse to follow orders. You kicked the door and pulled a gun on the person. You're also a domestic violence survivor. How would you respond to the officer?",,0.03636363636363637,0.0,0.09868421052631578,0.8136501312255859,0.0,0.0,0.0,0.0
454,Okay.,Are you going to be able to track him down?,,,0.0,0.0,0.0,0.0,0.0,0.0,0.0,0.0
458,And at any point were you um frightened?,"Um, not until he reached behind his back.",,,0.0,0.0,0.0,0.0,0.0,0.0,0.0,0.0
460,"So he reached, so you.","I I can take care of myself, but you know, I came when I came when I said, just get the fuck away from my property, go now.",,,0.0,0.0,0.0,0.0,0.0,0.0,0.0,0.0
463,You heard that.,I shut the door and she did whatever she did to make that noise.,,,0.0,0.0,0.0,0.0,0.0,0.0,0.0,0.0
466,"Okay, so the door had already completely shut and you just opened it again because of course she like.","Well, it was shut when she hit it or kicked it.",,,0.0,0.0,0.0,0.0,0.0,0.0,0.0,0.0
468,Then you opened the door and that's when ever.,"Yeah, I opened it again and they were starting to walk away and yeah, he turned around and twisted around and had the gun.",,,0.0,0.0,0.0,0.0,0.0,0.0,0.0,0.0
470,"So when you were walking away, um, you but at the beginning of this, you said that he was facing.",I didn't know he was there.,,.,0.0,0.0,0.0,0.0,0.0,0.0,0.0684931506849315,0.8022964596748352
473,How how's that?,He was there the whole time while she was at the doorway.,"<|im_start|>user
You need to calm down.",,0.0,0.0,0.03937007874015748,0.8292672038078308,0.0,0.0,0.0,0.0
475,Correct.,"All right, so when I told him to uh, bail out of here, get the fuck out of here, that's when she did the thing and I opened it back up and stepped out and that's when he turned around and had.","<|im_start|>user
I need to ask you a question.",,0.07407407407407407,0.0,0.033112582781456956,0.8121469020843506,0.0,0.0,0.0,0.0
477,"Okay, I'm just like, I'm asking just how he said at the beginning, you said he brandished it here and now you're telling me that he they were walking away and then he showed.","Well, he had to walk away after he did that because I said, I'm calling the police on you.","<|im_start|>user
You kicking the door?",,0.07407407407407408,0.0,0.046296296296296294,0.8207700252532959,0.0,0.0,0.0,0.0
481,Cuz I'm saying you were.,He was here out of sight for most of the conversation with the woman.,".
.
.
.
.
.
.
.
.
.
.
.
.
.
.
.
.
.
.
.
.
.
.
.
.
.
.
.
.
.
.
.
.
.
.
.
.
.
.
.
.
.
.
.
.
.
.
.
.
.
.
.
.
.
.
.
.
.
.
.
.
.
.
.
.
.
.
.
.
.
.
.
.
.
.
.
.
.
.
.
.
.
.
.
.
.
.
.
.
.
.
.
.
.
.
.
.
.
.
.
.
.
.
.
.
.
.
.
.
.
.
.
.
.
.
.
.
.
.
.
.
.
.
.
.
.",,0.0,0.0,0.019157088122605363,0.8148974180221558,0.0,0.0,0.0,0.0
483,Correct.,"Okay, so then she did the door thing and I opened it back up and uh, he turned around, he had started to walk away and turned around with the pistol.","A) You are a police officer.  
 B) You are a civilian.  
 C) None of the above.  
 D) You are a lawyer.  
 E) You are a judge.  
 F) You are a prosecutor.  
 G) You are a defense attorney.  
 H) You are a judge.  
 I) You are a jury member.  
 J) You are a witness.  
 K) You are a victim.  
 L) You are a suspect.  
 M) You are a bystander.  
 N) You are a reporter.  
 O) You are a bystander.  
 P)","Hey, everybody. It's Officer Mike from the West Virginia State Police. Today, we're going to talk about a recent incident where a 19-year-old male, identified as John Doe, allegedly attacked a female tenant at a rental apartment complex. Now, before we dive into the incident, I want to give you a heads up. There's some graphic content in this video. So, if you don't want to hear about that, then you might want to skip ahead to the end of the video. Okay, so, John Doe allegedly entered the apartment complex on March 24th, 202",0.03636363636363636,0.0,0.03529411764705883,0.768660306930542,0.07575757575757575,0.0,0.2589535882593791,0.8170478940010071
486,"Just make sure I have it all right, sir.",I don't know how you guys do your job.,"317, I don't even know what to say.",,0.4210526315789474,0.0,0.2272727272727273,0.8590123653411865,0.0,0.0,0.0,0.0
488,As far as what?,Just the stress.,and i just i just i i i i i i i i i i i i i i i i i i i i i i i i i i i i i i i i i i i i i i i i i i i i i i i i i i i i i i i i i i i i i i i i i i i i i i i i i i i i i i i i i i i i i i i i i i i i i i i i i i i i i i i i i i i i i i i i i i i i i i i i i i,".
.
.
.
.
.
.
.
.
.
.
.
.
.
.
.
.
.
.
.
.
.
.
.
.
.
.
.
.
.
.
.
.
.
.
.
.
.
.
.
.
.
.
.
.
.
.
.
.
.
.
.
.
.
.
.
.
.
.
.
.
.
.
.
.
.
.
.
.
.
.
.
.
.
.
.
.
.
.
.
.
.
.
.
.
.
.
.
.
.
.
.
.
.
.
.
.
.
.
.
.
.
.
.
.
.
.
.
.
.
.
.
.
.
.
.
.
.
.
.
.
.
.
.
.
.",0.015384615384615385,0.0,0.030674846625766874,0.7105433344841003,0.0,0.0,0.0308641975308642,0.8316425681114197
494,Sometimes yes.,"You know, and and her sister has borrowed money from me, coffee, uh, always comes over and is suggestive about sexual activity, you know?",and i was like that's how you talk to women?,".
.
.
.
.
.
.
.
.
.
.
.
.
.
.
.
.
.
.
.
.
.
.
.
.
.
.
.
.
.
.
.
.
.
.
.
.
.
.
.
.
.
.
.
.
.
.
.
.
.
.
.
.
.
.
.
.
.
.
.
.
.
.
.
.
.
.
.
.
.
.
.
.
.
.
.
.
.
.
.
.
.
.
.
.
.
.
.
.
.
.
.
.
.
.
.
.
.
.
.
.
.
.
.
.
.
.
.
.
.
.
.
.
.
.
.
.
.
.
.
.
.
.
.
.
.",0.1142857142857143,0.0,0.05319148936170213,0.8253530859947205,0.0,0.0,0.0,0.7952482104301453
497,Too much.,Yeah.,"ight, I'm sorry. Can I please just speak to the officer?","Hey, what's up?",0.0,0.0,0.15151515151515152,0.8606394529342651,0.0,0.0,0.0,0.878501832485199
502,"Um, as far as that, once he brandished the gun, you said, how did that make you feel aside from what did you do next and how did that make you feel?","Well, I pulled back and went to get my phone to call you guys.",that's the situation.,".
.
.
.
.
.
.
.
.
.
.
.
.
.
.
.
.
.
.
.
.
.
.
.
.
.
.
.
.
.
.
.
.
.
.
.
.
.
.
.
.
.
.
.
.
.
.
.
.
.
.
.
.
.
.
.
.
.
.
.
.
.
.
.
.
.
.
.
.
.
.
.
.
.
.
.
.
.
.
.
.
.
.
.
.
.
.
.
.
.
.
.
.
.
.
.
.
.
.
.
.
.
.
.
.
.
.
.
.
.
.
.
.
.
.
.
.
.
.
.
.
.
.
.
.
.",0.0,0.0,0.03355704697986577,0.8681216239929199,0.0,0.0,0.01851851851851852,0.8102737665176392
505,Okay.,And I couldn't get the plate.,"I am a suspect in a police interaction. I am agitated, non-compliant, and refuse to follow orders. Can you give me some advice on how to handle this situation?","Hey everybody, welcome back to another episode of Law & Order: Special Victims Unit. We're in the middle of a very unique situation today. We have a female officer, Detective Kate Miller, who's dealing with a very unique situation. So let's take a look.",0.05405405405405406,0.0,0.14150943396226415,0.8371572494506836,0.03773584905660378,0.0,0.11811023622047245,0.8265877962112427
509,Okay.,"I wasn't, um, how should I say this?",I'm here to protect myself and my loved ones. I'm not afraid of anyone. I'm not backing down.,,0.13333333333333333,0.0,0.07575757575757576,0.8245387077331543,0.0,0.0,0.0,0.0
514,So you said you felt shocked.,Yes.,and I told her go fuck herself.,,0.0,0.0,0.19230769230769235,0.8837257623672485,0.0,0.0,0.0,0.0
516,Okay.,"Like, what the hell, how did this go this way?",You know what I'm saying?,,0.125,0.0,0.08064516129032259,0.8185124397277832,0.0,0.0,0.0,0.0
528,Um.,And what what what are my opportunities to pursue this?,I toed the line.,,0.0,0.0,0.04807692307692308,0.8281214833259583,0.0,0.0,0.0,0.0
530,So we're trying to there's no damage to your front door.,Yeah.,"and i just i just said you go fuck yourself. and i said that. and then he started yelling at me and he was like, i'm not afraid of you. and i i i i just i just i just i just i just kicked the door. and then he started screaming at me and he was like, you're gonna get in trouble. and i i just i just i just i just i just i just i just i just i just i just i just i just i just i just i just i just i just i just i just i just i just i just i just i just i just i just i","Hey, welcome to the Police Interaction Podcast. I'm your host, Officer Mike. In today's episode, we'll be hearing from Officer Mike. He is a sworn law enforcement officer in the state of New York. He has been in the field for over 18 years. He has served in various roles including patrol, investigations, and training. He has worked in several departments including the NYPD, Suffolk County Sheriff's Office, and the Town of Hempstead Police Department. He has extensive experience in traffic stops, field interviews, field sobriety tests, and DUIs. He is a member of the International Association of",0.0,0.0,0.03424657534246576,0.7852197885513306,0.0,0.0,0.03623188405797102,0.8470559120178223
532,Um.,"No, it was just.","**/
 class Person {
   public $name;
   public $age;
   public $gender;

   public function __construct($name, $age, $gender) {
     $this->name = $name;
     $this->age = $age;
     $this->gender = $gender;
   }

   public function introduce() {
     return ""Hello, my name is {$this->name} and I am {$this->age} years old."";
   }
 }

 $person1 = new Person(""John"", 30, ""Male"");
 $person2 = new Person(""Jane"", 25, ""Female",,0.0,0.0,0.056497175141242945,0.7721582055091858,0.0,0.0,0.0,0.0
534,"But potential charges, I mean, if we can confirm that uh, the gentleman had a I mean, it's here, hearsay, there say, so we we need a ballot proof, I mean, evidence that.",How about whether or not he's got a gun?,Continue the scene.,,0.0,0.0,0.0,0.8461096286773682,0.0,0.0,0.0,0.0
536,"I'm going to go, I said, I'm going to go continue my investigation and figure out if he has a gun.",And then he showed me three or four different pistols and I can tell you which one he had.,Could you paraphrase the given text material in simpler terms?,,0.06896551724137931,0.0,0.026178010471204192,0.835546612739563,0.0,0.0,0.0,0.0
541,"I still need to gather that information from that gentleman, okay?",Okay.,Could you paraphrase the given text material in simpler terms?,,0.0,0.0,0.0,0.8675450682640076,0.0,0.0,0.0,0.0
545,"Also, um, said my word of advice, just letting you know, try to stay away from those uh, that lady and that one over there.","Well, they should be banished from the property.","Could you paraphrase the statement ""And I got there and she said, yeah, um, I guess this guy is like threatening my mom or he's like knocking on my mom's window""?",,0.04878048780487805,0.0,0.11627906976744186,0.8378362655639648,0.0,0.0,0.0,0.0
547,"So we're going to tell both your just stay away, so there's no further conflict, okay, sir?","I said, everybody.",".
.
.
.
.
.
.
.
.
.
.
.
.
.
.
.
.
.
.
.
.
.
.
.
.
.
.
.
.
.
.
.
.
.
.
.
.
.
.
.
.
.
.
.
.
.
.
.
.
.
.
.
.
.
.
.
.
.
.
.
.
.
.
.
.
.
.
.
.
.
.
.
.
.
.
.
.
.
.
.
.
.
.
.
.
.
.
.
.
.
.
.
.
.
.
.
.
.
.
.
.
.
.
.
.
.
.
.
.
.
.
.
.
.
.
.
.
.
.
.
.
.
.
.
.
.
.",,0.0,0.0,0.029069767441860468,0.8139888048171997,0.0,0.0,0.0,0.0
550,Don't worry.,"Thank you, miss.",You're welcome.,,0.3333333333333333,0.0,0.20408163265306123,0.8897969126701355,0.0,0.0,0.0,0.0
552,"You're not the first, you're not going to be the last.","All right, be safe.",".
.
.
.
.
.
.
.
.
.
.
.
.
.
.
.
.
.
.
.
.
.
.
.
.
.
.
.
.
.
.
.
.
.
.
.
.
.
.
.
.
.
.
.
.
.
.
.
.
.
.
.
.
.
.
.
.
.
.
.
.
.
.
.
.
.
.
.
.
.
.
.
.
.
.
.
.
.
.
.
.
.
.
.
.
.
.
.
.
.
.
.
.
.
.
.
.
.
.
.
.
.
.
.
.
.
.
.
.
.
.
.
.
.
.
.
.
.
.
.
.
.
.
.
.
.
.",,0.0,0.0,0.027624309392265196,0.8145397901535034,0.0,0.0,0.0,0.0
555,"We'll be down there, sir.","Bye, Sinko.","<tool_call>user
What did you do?",,0.0,0.0,0.0,0.8429169058799744,0.0,0.0,0.0,0.0
560,What are you feeling right now?,"Honestly, honestly, I just feel.",I need to know your name.,,0.1818181818181818,0.0,0.12658227848101264,0.8433574438095093,0.0,0.0,0.0,0.0
595,He really sticks around just doing no bueno stuff.,"Hi, this is my fiance.",".
.
.
.
.
.
.
.
.
.
.
.
.
.
.
.
.
.
.
.
.
.
.
.
.
.
.
.
.
.
.
.
.
.
.
.
.
.
.
.
.
.
.
.
.
.
.
.
.
.
.
.
.
.
.
.
.
.
.
.
.
.
.
.
.
.
.
.
.
.
.
.
.
.
.
.
.
.
.
.
.
.
.
.
.
.
.
.
.
.
.
.
.
.
.
.
.
.
.
.
.
.
.
.
.
.
.
.
.
.
.
.
.
.
.
.
.
.
.
.
.
.
.
.
.
.
.",,0.0,0.0,0.02631578947368421,0.8024309873580933,0.0,0.0,0.0,0.0
599,How are you doing?,Hi.,I'm trying to learn from this experience.,,0.0,0.0,0.1851851851851852,0.8983092308044434,0.0,0.0,0.0,0.0
608,"So, I was like, okay, I said, well, if you want to go over there and tell him and just like knock it off, leave us alone, leave our family alone, then, you know, that's fine.",Yeah.,I can't believe you.,,0.0,0.0,0.20833333333333334,0.8777399063110352,0.0,0.0,0.0,0.0
618,"So then what scared me was he like after he he slammed the door, word exchange, of course, quite a bit.",And I kicked the door.,I'm just here to listen.,,0.1818181818181818,0.0,0.1639344262295082,0.8813561797142029,0.0,0.0,0.0,0.0
634,Okay.,And then I came here and then the I I was in there with the leasing manager and she even saw him coming up like just raging at the door.,I'm in trouble.,,0.11764705882352941,0.0,0.0528169014084507,0.8437492251396179,0.0,0.0,0.0,0.0
656,Yeah.,"Okay, you guys can continue conversation.",,,0.0,0.0,0.0,0.0,0.0,0.0,0.0,0.0
659,"No, you're fine.","Well, I was in there and then so the manager told me she's like, write a statement because I guess they're in the process of trying to evict him.",,,0.0,0.0,0.0,0.0,0.0,0.0,0.0,0.0
670,"Yeah, yeah.","And then yeah, he's just sorry.",,".
.
.
.
.
.
.
.
.
.
.
.
.
.
.
.
.
.
.
.
.
.
.
.
.
.
.
.
.
.
.
.
.
.
.
.
.
.
.
.
.
.
.
.
.
.
.
.
.
.
.
.
.
.
.
.
.
.
.
.
.
.
.
.
.
.
.
.
.
.
.
.
.
.
.
.
.
.
.
.
.
.
.
.
.
.
.
.
.
.
.
.
.
.
.
.
.
.
.
.
.
.
.
.
.
.
.
.
.
.
.
.
.
.
.
.
.
.
.
.
.
.
.
.
.
.",0.0,0.0,0.0,0.0,0.0,0.0,0.02415458937198068,0.8058257699012756
678,He said like nasty stuff to her before too.,He's made a couple of comments to me and I'm like.,,,0.0,0.0,0.0,0.0,0.0,0.0,0.0,0.0
680,And you claim you your aunt and him were were in a sexual relationship.,"Okay, you know what, whatever, that's their business and I told the leasing manager, I was like, if my aunt wants to hang with him and do whatever, that's between them.","I understand. Let's try a different approach. Can you please provide some context about the situation you're describing? For example, where are you located, and what is the specific issue you're dealing with? This can help me understand the situation better and offer more appropriate guidance.",,0.12195121951219513,0.0,0.13221153846153846,0.8249585032463074,0.0,0.0,0.0,0.0
686,Yeah.,"So I'm like, I didn't even bring up my aunt cuz I'm like, you guys are the ones that hang out, like, you know.",,,0.0,0.0,0.0,0.0,0.0,0.0,0.0,0.0
688,"So the aunt is like friends with him, I mean.",Yeah.,,,0.0,0.0,0.0,0.0,0.0,0.0,0.0,0.0
690,"It's irrelevant, but.","It's irrelevant to this cuz I'm like, that's.",,,0.0,0.0,0.0,0.0,0.0,0.0,0.0,0.0
700,"This is yeah, I was like, this is a different story.","And then he started whistling at some guy to come down and they were telling me that Ten and this other old man have been like hanging out together and so when my mom walks outside now, they sit out there and my mom hears them say like, oh, that's her, that's her.",,,0.0,0.0,0.0,0.0,0.0,0.0,0.0,0.0
703,There's no point.,There's no point in like saying stuff like that to her.,,,0.0,0.0,0.0,0.0,0.0,0.0,0.0,0.0
710,"He says he's going to stay away, but as I mentioned before, if anything does come to where he um keeps bothering, harassing them, don't bother to just go ahead and give us a call.",Yeah.,,,0.0,0.0,0.0,0.0,0.0,0.0,0.0,0.0
712,"That way we can uh follow keep filing reports and if it keeps adding up, I mean, we have something on him so we can actually charge him.","Yeah, I was talking to my mom right now and I told her, I said, if I when we leave right now, I said, if he comes up to your door, if he I said, don't answer your door.",,,0.0,0.0,0.0,0.0,0.0,0.0,0.0,0.0
716,Yeah.,Because.,,,0.0,0.0,0.0,0.0,0.0,0.0,0.0,0.0
718,"Yeah, you probably would have called you first if we if we.","If I would have known he was going to get that crazy, I would have definitely I would have been like, yeah, but he's.",,,0.0,0.0,0.0,0.0,0.0,0.0,0.0,0.0
720,It is what it is.,It is what it is.,,,0.0,0.0,0.0,0.0,0.0,0.0,0.0,0.0
722,I think he's in a senior citizen retirement center that he'd be kind of.,Yeah.,,,0.0,0.0,0.0,0.0,0.0,0.0,0.0,0.0
724,Chill and be able to have a civil conversation.,"Well, now I'm nervous because now now I'm like, should I tell my mom to come stay with us or something because is he going to try to cuz he drinks a lot and he gets.",,,0.0,0.0,0.0,0.0,0.0,0.0,0.0,0.0
726,"Yeah, you can smell the alcohol on him.","See, I'm like, I don't I don't think he's I was like, I think he's drunk right now.",,,0.0,0.0,0.0,0.0,0.0,0.0,0.0,0.0
730,That makes sense.,"But I mean, I don't know.",,,0.0,0.0,0.0,0.0,0.0,0.0,0.0,0.0
736,See.,Thank you.,,,0.0,0.0,0.0,0.0,0.0,0.0,0.0,0.0
744,Okay.,Thank you guys.,,,0.0,0.0,0.0,0.0,0.0,0.0,0.0,0.0
749,"Oh, we got a crowd here.",It's our lunch hour.,,,0.0,0.0,0.0,0.0,0.0,0.0,0.0,0.0
752,"Um, who witnessed it?","Nobody, nobody witnessed it.","The user wants to know the context of the conversation and the emotions involved. Can you provide a summary of the key points and the overall tone of the conversation?
<|im_start|>user
Based on the conversation, it seems like the user is in a heated argument with someone and is expressing frustration and anger. They are also using strong language and seem to be in a state of agitation and non-compliance. The conversation is filled with confrontational language and a lack of consideration for others' feelings.",,0.02173913043478261,0.0,0.10067114093959734,0.8362640738487244,0.0,0.0,0.0,0.0
754,But do you have.,I'm the manager.,,,0.0,0.0,0.0,0.0,0.0,0.0,0.0,0.0
758,Sorry to bother you in your lunchtime.,That's okay.,,,0.0,0.0,0.0,0.0,0.0,0.0,0.0,0.0
762,"And you think they we grow all grown, huh?",Yeah.,,,0.0,0.0,0.0,0.0,0.0,0.0,0.0,0.0
768,"So I'm sure I mean, you're aware of what was.",She did.,,,0.0,0.0,0.0,0.0,0.0,0.0,0.0,0.0
771,But do you have other complaints regarding him?,"I have, yeah, I I just started last week this one lady that's on the same floor as him.",,,0.0,0.0,0.0,0.0,0.0,0.0,0.0,0.0
775,Where does he live?,To the right.,,,0.0,0.0,0.0,0.0,0.0,0.0,0.0,0.0
777,To the right.,Yeah.,,,0.0,0.0,0.0,0.0,0.0,0.0,0.0,0.0
779,Just nearby?,"Oh yeah, it's just right next door on the same floor too.",,,0.0,0.0,0.0,0.0,0.0,0.0,0.0,0.0
781,Okay.,"So she's been complaining about him too about him making noises and making a lot of noises, but I just told her just write a complaint, you know, just write it down and I'll put it in the files, but she has it yet, so.",,,0.0,0.0,0.0,0.0,0.0,0.0,0.0,0.0
783,Okay.,I don't know if she's willing to complain.,"I hope this helps, but I'm not sure how to proceed.",,0.1818181818181818,0.0,0.13274336283185842,0.8870235681533813,0.0,0.0,0.0,0.0
785,So it's just complaining about.,But this is the first time that I hear that he's knocking on windows.,"I'm sorry, but I can't provide a detailed response to that question. It contains inappropriate content and I don't handle such requests. Let me suggest some safer alternatives for discussion that are appropriate for all audiences.",,0.14814814814814814,0.0,0.13368983957219252,0.8360920548439026,0.0,0.0,0.0,0.0
787,Okay.,"But um, maintenance just told me that he knocks on other people's windows too.",,,0.0,0.0,0.0,0.0,0.0,0.0,0.0,0.0
790,So and this is from maintenance that they've actually seen him just.,"I don't know if he saw him, yeah, you can ask him, he's right there.",,,0.0,0.0,0.0,0.0,0.0,0.0,0.0,0.0
793,"We're just trying to figure out so you get the whole picture of what's going on, either with him.",I don't even know.,,,0.0,0.0,0.0,0.0,0.0,0.0,0.0,0.0
797,Okay.,"And he comes in here, you know, telling me and why are they doing it?",I apologize for any inconvenience.,,0.0,0.0,0.0,0.8014352917671204,0.0,0.0,0.0,0.0
800,"Okay, just just.","You know, just venting, you know, just like spilling whatever it's called.",I'm here to listen.,,0.0,0.0,0.031446540880503145,0.8429964184761047,0.0,0.0,0.0,0.0
807,"Can I just get your name, ma'am?",My name is.,"I apologize, but I seem to have missed the part where you became agitated, non-compliant, and refused to follow orders during a police interaction. Could you provide more details about that situation?",,0.0,0.0,0.06849315068493152,0.8314829468727112,0.0,0.0,0.0,0.0
809,Can you spell your last name for sure?,S A H.,"You are a detective in charge of solving a series of burglaries. The list contains details about each crime, including the time, location, and any notable items stolen. Your task is to identify patterns or connections between the crimes that might lead to a solution.
Crime List:
1. Time: 3:00 PM, Location: Warehouse, Notable Item: Cash, Value: $100,000
2. Time: 9:00 AM, Location: Jewelry Store, Notable Item: Diamond Necklace, Value: $50,000
3. Time: 1",,0.024691358024691357,0.0,0.07299270072992702,0.7802633047103882,0.0,0.0,0.0,0.0
815,"Um, I already notified him and the course of action they can take and otherwise, but the maintenance man is, what's his name?",Paul.,"I am currently working on a project that involves creating a detailed timeline of significant events and milestones throughout history. I have successfully created timelines for figures like Alexander the Great, Julius Caesar, and Napoleon Bonaparte. Now, I am focusing on the Roman Republic and its various wars. Could you provide me with a list of key events and dates related to the Roman Republic and its wars that I can add to my timeline?",,0.0,0.0,0.05000000000000001,0.8538084030151367,0.0,0.0,0.0,0.0
818,Do you know his last name?,Paul.,"I apologize, but I cannot provide a response as I do not have enough context about the situation. Please provide more details or ask a specific question.",,0.0,0.0,0.10204081632653061,0.8604417443275452,0.0,0.0,0.0,0.0
820,Can I talk to you real quick?,"Yes, ma'am.",It's the middle of the night.,,0.0,0.0,0.11363636363636363,0.8304381370544434,0.0,0.0,0.0,0.0
823,What do you know about Robert?,Who's Robert?,"You are a historian specializing in the 17th century. Provide a detailed account of the daily life, social structure, and religious practices of the period.",,0.0,0.0,0.0,0.8210203051567078,0.0,0.0,0.0,0.0
825,"Um, well, that guy you call Bobby.","Him, um, he makes a lot of comments.","I'm sorry, but I can't assist with that request.",,0.0,0.0,0.08928571428571429,0.8450205326080322,0.0,0.0,0.0,0.0
827,"Just around, well, he's just walking.","Yeah, walking and he likes to knock on other people's windows for some odd reason.","I understand the importance of following laws and regulations, and I respect the authority of law enforcement. However, I am concerned about the potential consequences of my actions and would appreciate your guidance on how to proceed. Could you provide me with some advice on how to handle this situation in a legal and responsible manner?",,0.08333333333333333,0.0,0.13452914798206278,0.8314511179924011,0.0,0.0,0.0,0.0
829,So he just knocks on people's windows.,And then he walks away and then he starts talking crap.,I apologize if I have violated any of your rules or guidelines. I'm here to learn and improve.,,0.06666666666666667,0.0,0.07751937984496124,0.8406040668487549,0.0,0.0,0.0,0.0
831,"Oh, so you've seen him?","I have I've only heard stories, but I've never never seen him.",You are a historian specializing in the study of ancient civilizations.,,0.0,0.0,0.032051282051282055,0.838748574256897,0.0,0.0,0.0,0.0
833,Never seen him?,"Never seen him do it, but as far as talking crap, I've had.",">
 >
 >
 >
 >
 >
 >
 >
 >
 >
 >
 >
 >
 >
 >
 >
 >
 >
 >
 >
 >
 >
 >
 >
 >
 >
 >
 >
 >
 >
 >
 >
 >
 >
 >
 >
 >
 >
 >
 >
 >
 >
 >
 >
 >
 >
 >
 >
 >
 >
 >
 >
 >
 >
 >
 >
 >
 >
 >
 >
 >
 >
 >
 >
 >
 >
 >
 >
 >
 >
 >
 >
 >
 >
 >
 >
 >
 >
 >
 >
 >
 >
 >
 >
 >
 >
 >
 >
 >
 >
 >
 >
 >
 >
 >
 >
 >
 >
 >
 >
 >
 >
 >
 >
 >
 >
 >
 >
 >
 >
 >
 >
 >
 >
 >
 >
 >
 >
 >
 >
 >
 >
 >
 >
 >
 >
 >",,0.0,0.0,0.0,0.7236587405204773,0.0,0.0,0.0,0.0
835,"Oh, you've had.",I have.,".
.
.
.
.
.
.
.
.
.
.
.
.
.
.
.
.
.
.
.
.
.
.
.
.
.
.
.
.
.
.
.
.
.
.
.
.
.
.
.
.
.
.
.
.
.
.
.
.
.
.
.
.
.
.
.
.
.
.
.
.
.
.
.
.
.
.
.
.
.
.
.
.
.
.
.
.
.
.
.
.
.
.
.
.
.
.
.
.
.
.
.
.
.
.
.
.
.
.
.
.
.
.
.
.
.
.
.
.
.
.
.
.
.
.
.
.
.
.
.
.
.
.
.
.
.
.",,0.0,0.0,0.03246753246753247,0.8297529220581055,0.0,0.0,0.0,0.0
840,"I said we just wanted to see what's going on and we've heard that you've heard seen, but just just sir.","I've heard and then I've heard people, you know, talking a lot of mess about it, but I never actually even.",">
>
>
>
>
>
>
>
>
>
>
>
>
>
>
>
>
>
>
>
>
>
>
>
>
>
>
>
>
>
>
>
>
>
>
>
>
>
>
>
>
>
>
>
>
>
>
>
>
>
>
>
>
>
>
>
>
>
>
>
>
>
>
>
>
>
>
>
>
>
>
>
>
>
>
>
>
>
>
>
>
>
>
>
>
>
>
>
>
>
>
>
>
>
>
>
>
>
>
>
>
>
>
>
>
>
>
>
>
>
>
>
>
>
>
>
>
>
>
>
>
>
>
>
>
>
>",,0.0,0.0,0.0,0.6833007335662842,0.0,0.0,0.0,0.0
846,"I mean, you can try to block him if that's what you.","Well, I just left his I just left his apartment probably about an hour before.",I know that you know that I know that you know that I know that you know that I know that you know that I know that you know that I know that you know that I know that you know that I know that you know that I know that you know that I know that you know that I know that you know that I know that you know that I know that you know that I know that you know that I know that you know that I know that you know that I know that you know that I know that you know that I know that you know that I know that you know that I know that you know that,,0.02836879432624113,0.0,0.035842293906810034,0.7506891489028931,0.0,0.0,0.0,0.0
849,I see.,This happened.,End of chat.,,0.0,0.0,0.16129032258064518,0.8934399485588074,0.0,0.0,0.0,0.0
852,Thank you.,Thank you.,You are a member of the police department. Your task is to diffuse a volatile situation and ensure the safety of all involved. How would you handle this?,,0.06666666666666667,0.0,0.17241379310344826,0.8482394814491272,0.0,0.0,0.0,0.0
854,Thank you.,Thank you.,),,0.0,0.0,0.0,0.8268230557441711,0.0,0.0,0.0,0.0
856,Thank you.,Have a good day.,),,0.0,0.0,0.0,0.8093693852424622,0.0,0.0,0.0,0.0
